Price,Close,High,Low,Open,Volume,Daily_Return,MA_20
Ticker,RELIANCE.NS,RELIANCE.NS,RELIANCE.NS,RELIANCE.NS,RELIANCE.NS,,
Date,,,,,,,
2023-01-30,1077.218017578125,1082.764407064242,1050.3987961919847,1064.4132886312711,21772103,0.009583559952507814,1131.2260131835938
2023-01-31,1074.5245361328125,1089.9541811505658,1068.6585300710096,1087.3749062182637,22691594,-0.0025004051188896037,1126.1577575683593
2023-02-01,1068.156494140625,1086.43914786492,1052.2246622437708,1086.43914786492,19347800,-0.005926381183538054,1121.201348876953
2023-02-02,1062.244873046875,1071.8540341073915,1054.9637127057106,1058.1591593362568,13662663,-0.005534414784891695,1116.8281127929688
2023-02-03,1063.1805419921875,1072.3104574781503,1046.7466458186898,1072.3104574781503,24699575,0.0008808411027003693,1112.6043762207032
2023-02-06,1055.1690673828125,1059.528634971871,1052.5899131464937,1056.7896118119152,14837879,-0.007535384906841025,1107.458514404297
2023-02-07,1052.6356201171875,1062.4502927137798,1046.7467924098464,1055.4202857843334,15135435,-0.002400987049316017,1100.8187744140625
2023-02-08,1073.6572265625,1077.2863960062462,1053.137736379797,1055.8766387784026,21160332,0.01997044945426807,1096.106591796875
2023-02-09,1075.5289306640625,1082.2850839057578,1065.4632246870067,1074.3421090421186,13172763,0.0017432976328535243,1092.2240905761719
2023-02-10,1066.6728515625,1075.0039060071294,1059.6655455942528,1075.0039060071294,10790445,-0.008234161675311213,1089.1438842773437
2023-02-13,1060.6014404296875,1072.7670546240697,1056.127767130611,1068.293381324993,10352493,-0.005691914933354525,1085.8514038085937
2023-02-14,1085.5947265625,1087.329376978281,1060.738487756277,1063.6144381671827,14321920,0.023565201007728964,1084.344970703125
2023-02-15,1110.1768798828125,1112.5735854842064,1083.2664969637603,1084.6358877756606,33503591,0.0226439505635323,1083.275616455078
2023-02-16,1109.3095703125,1124.7163944448255,1107.0270912647763,1118.1656324865594,17264487,-0.000781235482407161,1082.2564880371094
2023-02-17,1113.9429931640625,1117.2754874405753,1100.4306882070916,1104.7217922905263,11809520,0.004176852860159785,1081.5295166015626
2023-02-20,1102.16552734375,1118.3026298698114,1100.2025445254703,1116.13425652598,8836937,-0.010572772478113612,1080.8847229003907
2023-02-21,1111.158447265625,1116.9558691842672,1101.22954869757,1106.547846833629,13311592,0.00815931881261811,1080.9714599609374
2023-02-22,1085.959716796875,1109.2866925279875,1084.2022454513722,1107.4379365148654,11024335,-0.02267789128612563,1080.1257934570312
2023-02-23,1080.755615234375,1093.1952035465454,1077.948249542989,1085.5489053785018,9851910,-0.004792168145840492,1079.782275390625
2023-02-24,1088.1510009765625,1093.8344379808216,1080.9840672539892,1082.8100022510873,9434053,0.006842791874445808,1080.8402038574218
2023-02-27,1080.91552734375,1090.8672478016565,1073.543202799622,1087.3750050988056,11199715,-0.006649328655966902,1081.025079345703
2023-02-28,1060.2362060546875,1080.5274845520237,1056.1734344203933,1075.5516247048565,21994038,-0.01913130190652368,1080.3106628417968
2023-03-01,1069.982421875,1070.712820002187,1060.5557097259696,1070.0280642112666,11551145,0.009192494808849982,1080.4019592285156
2023-03-02,1061.833984375,1073.5203549354069,1059.802538079039,1066.8326656493814,9333535,-0.007615487257931708,1080.381414794922
2023-03-03,1088.927001953125,1092.6018137297042,1068.909698230002,1072.3789987479975,14643807,0.025515304630292057,1081.6687377929688
2023-03-06,1099.5633544921875,1106.8216933590497,1095.5918675399987,1095.5918675399987,10171916,0.009767736974090058,1083.8884521484374
2023-03-08,1103.5120849609375,1104.265304210858,1088.7443751303776,1099.5632986303585,15782657,0.0035911804923451918,1086.432275390625
2023-03-09,1076.98974609375,1103.3067824873158,1075.0953474005576,1102.8960014079455,16235128,-0.024034479756627536,1086.5989013671874
2023-03-10,1060.3046875,1070.0280749321848,1056.8124450060086,1068.8868957671646,13334091,-0.015492309610436683,1085.8376892089843
2023-03-13,1042.8665771484375,1070.0281154160118,1038.5298305140532,1063.1806779260546,12771592,-0.016446320154142047,1084.6473754882813
2023-03-14,1038.9635009765625,1052.2018311560978,1035.8136967949142,1040.812257084253,16027522,-0.0037426419231378905,1083.565478515625
2023-03-15,1021.2056884765625,1049.1660857467195,1016.8004787547293,1042.6839083296516,21728555,-0.01709185402885538,1080.3460266113282
2023-03-16,1016.1157836914062,1028.9433330363881,1005.2968594074098,1023.921951504309,18363159,-0.004984211156079055,1075.6429718017578
2023-03-17,1014.837646484375,1028.0075129528561,1010.0900587449327,1024.720781814394,34014213,-0.0012578657152514383,1070.9193756103516
2023-03-20,1004.8632202148438,1013.4225471579439,995.1626537042278,1011.1400680229121,19524589,-0.009828593079971859,1065.4653869628905
2023-03-21,1036.1102294921875,1038.0732119172073,1012.0528577510236,1012.9430039303461,21400360,0.031095783633779517,1062.1626220703124
2023-03-22,1039.26025390625,1046.0392280531037,1036.2473765076484,1043.0948141638403,10920094,0.003040240627299351,1058.5677124023437
2023-03-23,1026.1131591796875,1036.2016854580306,1023.9447859117854,1035.3343603002547,16249370,-0.01265043541995059,1055.5753845214845
2023-03-24,1005.7989501953125,1027.117362031003,1003.3795441878093,1024.9489888672188,12375945,-0.019797240492086643,1051.8275512695313
2023-03-27,1021.4340209960938,1028.943393312628,1004.383950761555,1012.2813433372775,14054323,0.01554492654595152,1048.4917022705079
2023-03-28,1026.2044677734375,1030.0846702786253,1021.1829653124684,1024.8349561252708,12576424,0.004670342556919671,1045.7561492919922
2023-03-29,1020.133056640625,1024.7436572444662,1009.3597140789179,1022.0959186617868,18804065,-0.005916375657558426,1043.750991821289
2023-03-31,1064.116455078125,1069.7770709600845,1029.2629756900762,1029.3999027039445,28171201,0.0431153545620222,1043.4576934814454
2023-04-03,1064.299072265625,1072.3106311531849,1056.7896998650788,1070.4846960590223,10293043,0.00017161391183129204,1043.5809478759766
2023-04-05,1061.74267578125,1071.8540232011114,1053.8453439607506,1071.8540232011114,16262928,-0.0024019531267025496,1042.221731567383
2023-04-06,1068.8638916015625,1074.592970502133,1058.2275373074351,1058.2275373074351,18435046,0.006707101431213225,1040.6867584228517
2023-04-10,1061.2861328125,1072.9496819536614,1059.779694186431,1072.7671126043012,12961408,-0.0070895451222589,1038.5754608154298
2023-04-11,1066.535888671875,1068.6586196822263,1060.9210357303307,1065.4631729553812,10542367,0.004946597997528501,1038.052767944336
2023-04-12,1071.2379150390625,1080.8927189104256,1063.660079131172,1066.5359087914262,18179087,0.004408690243928648,1038.599429321289
2023-04-13,1075.2777099609375,1079.9795947799273,1069.115028980157,1074.1364101327636,12378208,0.003771146320682428,1040.219985961914
2023-04-17,1080.73291015625,1106.9814803229494,1072.333391852291,1106.9814803229494,17929479,0.005073294224159808,1042.3084564208984
2023-04-18,1068.3619384765625,1085.0925121063174,1061.8111761257844,1085.0925121063174,10405576,-0.011446835349817275,1044.6662689208983
2023-04-19,1073.68017578125,1076.373436165099,1064.6415432193398,1067.7685265934954,12273475,0.004977935953307311,1047.5444885253905
2023-04-20,1070.9637451171875,1076.875393044396,1064.5956738732273,1074.638556551585,7007330,-0.0025300184592548236,1050.3507934570312
2023-04-21,1072.310546875,1077.7884724738815,1066.5586465106753,1073.0637661728558,7647317,0.0012575605513753807,1053.723159790039
2023-04-24,1076.4190673828125,1086.8727319946267,1071.8539885727766,1084.1794719407253,12936186,0.003831465166304504,1055.7386016845703
2023-04-25,1084.6588134765625,1086.7359021827194,1072.995384428631,1080.0710338352167,9236126,0.007654775303993722,1058.008529663086
2023-04-26,1078.290771484375,1089.2467445727555,1074.6159592843226,1086.005534613959,8617834,-0.005871009310085773,1060.6174102783202
2023-04-27,1085.1153564453125,1088.2879820525134,1079.158065119624,1084.1795677314856,9167125,0.006329076665974487,1064.5832305908202
2023-04-28,1104.9500732421875,1106.5022750107378,1087.2608896802224,1087.374995527852,15565210,0.018278901573977047,1068.759033203125
2023-05-02,1114.3310546875,1116.4994278601828,1108.4194062766874,1112.1170391794083,12981805,0.008489959566938987,1073.1653625488282
2023-05-03,1104.7674560546875,1116.1342091904096,1101.549188303151,1116.1342091904096,7061872,-0.00858236750432706,1077.3970825195313
2023-05-04,1117.503662109375,1119.717677582049,1102.2567073883076,1105.2467632974385,8635233,0.011528404448272411,1080.0664428710938
2023-05-05,1114.650634765625,1123.5979821409157,1112.0258380416835,1114.3083172243437,8746585,-0.0025530362364671877,1082.5840209960938
2023-05-08,1128.4139404296875,1133.7777597410543,1115.7461404298203,1118.4165791288924,9153782,0.01234764080761197,1085.9175842285156
2023-05-09,1131.9061279296875,1135.2158009724574,1124.4652198090143,1129.8290394334551,6464721,0.0030947752193404288,1089.0696960449218
2023-05-10,1139.6895751953125,1141.173192717246,1132.659447469911,1136.6766978121202,10872255,0.006876407039037247,1092.9898681640625
2023-05-11,1132.2486572265625,1145.578272899187,1130.536707274967,1140.7622816578707,10557860,-0.006528898860441723,1096.2755065917968
2023-05-12,1134.0972900390625,1135.4896227195354,1121.3838473257679,1127.455243721531,6955341,0.001632709211621508,1099.418475341797
2023-05-15,1136.3341064453125,1143.3184701435996,1128.984483334697,1136.6309023578756,6833343,0.0019723320264461996,1102.4712951660156
2023-05-16,1120.1514892578125,1141.0589403639667,1118.485181669263,1138.5026071786638,8717229,-0.014241073198201004,1104.4422241210937
2023-05-17,1113.5322265625,1125.2641183192468,1108.830341392445,1124.3511508366894,8798967,-0.005909256702143262,1106.7007385253905
2023-05-18,1111.1357421875,1121.6123498838558,1107.9858169299096,1118.21139175125,10525531,-0.002152146402083055,1108.5735168457031
2023-05-19,1114.7418212890625,1116.5678769225615,1104.1967514891073,1111.1355938507186,8050447,0.003245399247497227,1110.7624206542969
2023-05-22,1120.69921875,1125.7207212869755,1110.3596592183865,1111.5693019532657,7434906,0.0053441948145880325,1113.1818542480469
2023-05-23,1120.49365234375,1126.6335119735163,1119.0784985578177,1123.2783175836105,6092034,-0.0001834269202750649,1115.3855834960937
2023-05-24,1113.9658203125,1124.8076864197674,1110.861658447196,1116.545095308795,8112254,-0.005825853647270285,1116.8509338378906
2023-05-25,1113.8289794921875,1117.9603357408223,1102.9187697829475,1111.0672556833676,11487863,-0.00012284113014715548,1118.6278442382813
2023-05-26,1144.2088623046875,1145.3500415058625,1118.7591533794464,1122.0687058844728,12626260,0.027275177223661906,1121.58251953125
2023-05-29,1150.6453857421875,1154.9364899661489,1144.5283465169668,1150.8279550929283,10010304,0.005625304653326557,1123.86728515625
2023-05-30,1150.3486328125,1158.451475420254,1147.7921790871794,1150.645307987406,11342504,-0.00025790129032332576,1125.6681640625
2023-05-31,1127.5009765625,1145.7381091276332,1123.4382047768395,1141.2416143873527,27107927,-0.019861505980269256,1126.8048400878906
2023-06-01,1124.4652099609375,1134.3484659204855,1122.068625138698,1132.1800927726736,14592692,-0.002692473589528843,1127.1529174804687
2023-06-02,1120.7904052734375,1133.412563645759,1118.8731857024297,1128.003101699598,15800644,-0.0032680465833422323,1127.4599060058595
2023-06-05,1130.856201171875,1133.8234358683376,1122.2739934203582,1126.2684221252366,10908682,0.008980979718488769,1127.5820190429688
2023-06-06,1131.81494140625,1135.626680467698,1123.8947880782737,1133.6866395560062,7493309,0.0008478003068661533,1127.577459716797
2023-06-07,1140.3970947265625,1141.241598708449,1128.7335456658939,1135.3071289198083,10312545,0.007582647132798437,1127.6128356933593
2023-06-08,1141.081787109375,1148.9335976883083,1137.133121023714,1143.9805586437908,12071109,0.0006003982174092037,1128.0544921875
2023-06-09,1133.0018310546875,1145.1446246797914,1131.1985964976163,1144.4370477074842,5877018,-0.007080961370136252,1127.9997192382812
2023-06-12,1134.006103515625,1136.311403822295,1125.2641468372988,1130.0574375493186,6391969,0.000886382028176147,1127.883319091797
2023-06-13,1150.759521484375,1151.946463788879,1134.9647365494955,1138.9591656822827,11248016,0.014773657669752804,1129.413720703125
2023-06-14,1164.910888671875,1166.3488637759137,1149.0019986007082,1150.827933567815,13277380,0.012297414814561813,1131.9826538085938
2023-06-15,1165.2303466796875,1169.7953042210922,1157.4470010964749,1164.8879084532837,11813494,0.0002742338585028925,1134.6873840332032
2023-06-16,1176.574462890625,1178.856942021871,1168.72265257123,1168.72265257123,24171579,0.009735513877803248,1137.7790161132812
2023-06-19,1164.8880615234375,1179.5873088461865,1160.7111839901809,1179.5873088461865,6798554,-0.009932564181680537,1139.988458251953
2023-06-20,1167.3074951171875,1170.457299404325,1157.2189687814275,1162.9480481347903,6921096,0.0020769665976194673,1142.329150390625
2023-06-21,1170.5943603515625,1173.1278723617306,1163.1534517577868,1167.2618659292657,6961603,0.0028157664095569412,1145.160577392578
2023-06-22,1157.4471435546875,1174.702723824018,1155.8494202932393,1166.8053921892115,7619166,-0.011231231964013988,1147.341485595703
2023-06-23,1147.974853515625,1156.4884770186727,1146.7194478373872,1154.434209748897,6628570,-0.008183777628040678,1147.52978515625
2023-06-26,1139.210205078125,1148.2716583591261,1136.0832218598148,1144.437098137329,12641159,-0.007634878421472924,1146.958026123047
2023-06-27,1139.62109375,1145.578264166708,1135.1474200849475,1139.666736088607,9689466,0.00036067853855548115,1146.421649169922
2023-06-28,1154.708251953125,1158.519990797568,1140.2600374666351,1147.1760589375283,11354006,0.01323874951584103,1147.7820129394531
2023-06-30,1164.1805419921875,1167.1021346662303,1156.511421596289,1162.423070452648,11151555,0.00820318900730177,1149.7677795410157
2023-07-03,1194.0582275390625,1196.9341777415286,1166.5086096788432,1167.741194264735,12154387,0.025664134100495506,1153.431170654297
2023-07-04,1181.7557373046875,1198.3037415268395,1174.6799673322103,1198.3037415268395,8061643,-0.010303090712527663,1155.9761474609375
2023-07-05,1179.8155517578125,1190.9997357239995,1175.8440646341217,1190.9997357239995,10248062,-0.0016417822106792324,1158.3761779785157
2023-07-06,1204.5804443359375,1207.1824197013011,1175.958111582341,1175.958111582341,19117987,0.02099047816519084,1161.5853454589844
2023-07-07,1202.2294921875,1216.5406584496827,1199.6730384312104,1202.8686056265724,13375267,-0.0019516771665121224,1164.6427307128906
2023-07-10,1248.541015625,1258.1046546175523,1221.1284462814795,1227.4736968882496,33240016,0.03852136695901098,1170.4196899414062
2023-07-11,1262.076171875,1264.4955779542368,1249.705166712445,1256.6895309307056,20069348,0.010840778220829517,1176.823193359375
2023-07-12,1263.468505859375,1279.103541836806,1260.683840337917,1262.806571231475,18733835,0.0011032091528251353,1182.458642578125
2023-07-13,1252.170166015625,1277.7339788902639,1249.545369524751,1270.8408996155135,14682934,-0.008942320122229841,1186.8216064453125
2023-07-14,1251.1202392578125,1260.3414396091937,1243.9988277461352,1255.365580017741,15124144,-0.0008384856837416743,1191.1161010742187
2023-07-17,1276.6842041015625,1285.060901535764,1245.3228457945552,1253.9963391795925,22220040,0.020432860121354146,1196.1215881347657
2023-07-18,1287.5257568359375,1295.2861607810748,1274.9948839462775,1285.9508548808042,25867313,0.00849196120665141,1202.2534729003905
2023-07-19,1297.2950439453125,1303.754521961654,1276.8211937050912,1291.885581272737,39122156,0.007587644019940054,1208.7528503417968
2023-07-20,1295.7237548828125,1301.2135132047797,1276.0147195399904,1276.0147195399904,38717624,-0.0012112040894887155,1215.0093200683593
2023-07-21,1255.613525390625,1293.2757006107088,1248.1206953399467,1290.357730278342,30249238,-0.0309558494555926,1219.9176391601563
2023-07-24,1230.2166748046875,1243.8423605772516,1221.2648606691866,1227.0514151401742,23727866,-0.020226646234984158,1224.0297302246095
2023-07-25,1229.425537109375,1239.0203294862108,1226.5569523456327,1233.4810641733905,12026020,-0.0006430880929476634,1228.5404968261719
2023-07-26,1249.4063720703125,1259.6936470475673,1229.029726310642,1229.029726310642,12911012,0.016252171732105358,1234.0297607421876
2023-07-27,1237.7838134765625,1255.06933898356,1231.6758304667376,1253.2889256301971,17226898,-0.009302464637258923,1238.1835388183595
2023-07-28,1250.2225341796875,1257.6412248805652,1236.7204929547063,1242.4081558253793,20827852,0.010049186754339967,1242.4856384277343
2023-07-31,1260.8065185546875,1263.1062644351005,1245.3261593927457,1250.222567835286,8551174,0.008465680377409468,1245.8230529785155
2023-08-01,1242.9769287109375,1265.6286894674379,1239.0697997346808,1263.6503718598296,9536632,-0.014141416292952513,1248.8841125488282
2023-08-02,1229.697509765625,1242.383422770223,1218.4458286875906,1240.9985763343113,12748214,-0.010683560280627447,1251.3782104492188
2023-08-03,1224.5291748046875,1236.8936606795558,1215.7010043381908,1224.23249959185,10168350,-0.004202931956756251,1252.3756469726563
2023-08-04,1241.1717529296875,1244.3617658987635,1222.4024889169664,1235.8550243989196,22885610,0.013591001723298746,1254.3227600097657
2023-08-07,1248.2442626953125,1250.4945023600335,1238.92139273861,1246.8346631113916,5982870,0.005698252275666782,1254.3079223632812
2023-08-08,1240.7264404296875,1253.486611833248,1236.2258407843067,1250.2965991690858,9844072,-0.006022717259995147,1253.2404357910157
2023-08-09,1248.9119873046875,1250.7914133404697,1227.1011062817865,1238.8473680717575,11486586,0.006597382475515889,1252.5126098632813
2023-08-10,1254.475830078125,1261.177404750792,1240.6276075945868,1248.788167272386,15470598,0.004454951854089506,1252.6278930664062
2023-08-11,1259.767822265625,1265.5544976220099,1242.5565564009414,1252.4975295128647,22179330,0.004218488758902961,1253.0602722167969
2023-08-14,1274.6546630859375,1277.1523130180672,1248.8128913733601,1255.737002454242,9575812,0.011817130551516453,1252.9587951660155
2023-08-16,1273.6160888671875,1277.3996937112483,1261.672044700447,1261.672044700447,10203112,-0.0008147887022478262,1252.2633117675782
2023-08-17,1255.2425537109375,1275.0752365265755,1252.695518025622,1269.6348629683328,13673744,-0.014426274382724147,1250.1606872558593
2023-08-18,1264.5406494140625,1274.827925208279,1240.6771930744892,1251.9041214413387,18639978,0.007407409568482626,1248.6015319824219
2023-08-21,1250.74267578125,1268.3374245054665,1248.5836072167706,1260.6443643964944,9221746,-0.010911451236625624,1248.3579895019532
2023-08-22,1250.44482421875,1259.6517042081298,1240.319812990251,1249.204008079304,7713044,-0.0002381397614932279,1249.3693969726562
2023-08-23,1251.8345947265625,1262.0838090060652,1249.2288807667073,1252.8272476636503,9517952,0.0011114208967042405,1250.4898498535156
2023-08-24,1230.7904052734375,1260.6195534341234,1226.4227081001463,1260.6195534341234,14140020,-0.016810678936159063,1249.5590515136719
2023-08-25,1225.1075439453125,1243.2978613921046,1212.3271367872899,1218.9778633049934,22222400,-0.004617245392697478,1248.9252380371095
2023-08-28,1212.8978271484375,1232.8749678308823,1206.6193456890517,1226.9190501118926,12580826,-0.009966240806545956,1247.0590026855468
2023-08-29,1201.2838134765625,1217.7121468384466,1195.2285336373561,1217.0173382536789,16876644,-0.009575426232875661,1244.0828674316406
2023-08-30,1200.1422119140625,1212.5255327642963,1198.628391987628,1207.0659417448908,12168946,-0.0009503179429315445,1241.9411315917969
2023-08-31,1194.65771484375,1203.5915905675504,1191.133748727762,1202.5989377093504,21638600,-0.004569872649979989,1240.189141845703
2023-09-01,1197.4619140625,1203.9141576589248,1192.0023233270636,1194.4343955405523,18112842,0.002347282559604702,1238.8357788085937
2023-09-04,1196.494140625,1202.921543874001,1193.8140262826475,1197.4619529612135,9347626,-0.0008081872384706479,1236.6018981933594
2023-09-05,1202.8968505859375,1208.033756715794,1197.3627378820318,1201.1100268699734,8675876,0.005351225504199197,1234.3345275878905
2023-09-06,1205.4281005859375,1209.125708635972,1199.745186611218,1201.6560920331103,8200370,0.002104295142818735,1232.5696105957031
2023-09-07,1207.06591796875,1210.1679582595825,1196.6430625915527,1201.9537313347682,13652572,0.0013587018437817289,1230.4773071289062
2023-09-08,1215.1064453125,1218.9778160313297,1202.5742018862823,1211.0365924741222,23109288,0.0066612164456441025,1228.508837890625
2023-09-11,1228.20947265625,1229.326207160582,1216.9924464989115,1216.9924464989115,13271074,0.010783439915323711,1226.9309204101562
2023-09-12,1210.4659423828125,1232.3787090583842,1209.0265228175713,1232.3787090583842,16255666,-0.01444666457022481,1223.721484375
2023-09-13,1216.52099609375,1222.2783103355039,1204.2120756300537,1211.0365644667,12803338,0.00500225037229729,1220.8667297363281
2023-09-14,1217.6376953125,1223.8417758931353,1213.5181615722684,1220.9630582690309,9209636,0.0009179448791560851,1218.9864868164063
2023-09-15,1219.8961181640625,1224.9337835939812,1215.7517434819517,1224.9337835939812,25468592,0.0018547576674545763,1216.7542602539063
2023-09-18,1209.274658203125,1216.4962329024152,1207.0908701058952,1211.061482045193,7516300,-0.008706856102569382,1214.680859375
2023-09-20,1182.323974609375,1204.8821081322808,1168.8487603007638,1202.623798606989,57081884,-0.022286652094236636,1211.2748168945313
2023-09-21,1173.712890625,1186.2699748730859,1171.3304992731428,1178.750555955457,12226182,-0.0072831847863188415,1207.3687316894532
2023-09-22,1168.8240966796875,1182.47307577697,1166.3673046768697,1179.2717940052096,19176786,-0.004165238351185874,1204.2704162597656
2023-09-25,1161.6273193359375,1171.6779308453931,1158.9720452955405,1166.5657437194718,14254884,-0.0061572800938944905,1201.0964050292969
2023-09-26,1162.6446533203125,1166.4663425671888,1159.2200494490667,1160.684188171601,10087782,0.0008757834526107455,1198.5837463378907
2023-09-27,1175.7476806640625,1177.1871000752483,1160.6594050312615,1163.1410372849095,11722778,0.011270019009101295,1197.3069396972655
2023-09-28,1158.4755859375,1182.7459002555731,1153.9589668880435,1182.7459002555731,14518346,-0.01469030729178833,1195.2236083984376
2023-09-29,1163.8856201171875,1175.847137006539,1158.475709840611,1162.2973995824232,12342014,0.004669959596351303,1193.6850036621095
2023-10-03,1150.55908203125,1159.220075299941,1149.492028660551,1156.415758225436,8859056,-0.011450041013992163,1191.339862060547
2023-10-04,1148.5738525390625,1150.981084388904,1139.1189302205564,1146.0178196869251,10286386,-0.001725447674258196,1188.94384765625
2023-10-05,1148.549072265625,1156.14276991832,1146.017758932428,1151.105104982258,10953682,-2.1574819401237733e-05,1186.2264587402344
2023-10-06,1150.4847412109375,1153.8597853939605,1147.5316229908371,1150.0132553057874,5431026,0.0016853167113655143,1183.4792907714843
2023-10-09,1140.6822509765625,1147.4818990309532,1139.0691900320726,1145.5711149238573,7576878,-0.008520313119544265,1180.160107421875
2023-10-10,1145.719970703125,1150.435072150941,1143.4121010954177,1144.8018394410437,10236032,0.004416409321920778,1176.6907836914063
2023-10-11,1163.910400390625,1166.2182699823193,1148.0031129607796,1148.7227620999727,9814118,0.015876854862132417,1173.475830078125
2023-10-12,1166.0693359375,1171.0078811502246,1160.485663265934,1163.3148210249558,12554450,0.0018548984063984086,1171.2559997558594
2023-10-13,1166.0198974609375,1170.0897506197043,1156.0188455521982,1161.4040366702475,10150316,-4.239754450174882e-05,1168.7309448242188
2023-10-16,1163.4140625,1168.6254903286665,1159.4186102633319,1163.885548402189,5929036,-0.002234811744303733,1166.0197631835938
2023-10-17,1168.972900390625,1171.18152891328,1162.0491704758838,1169.3451452373686,7928180,0.00477803910903396,1163.4736022949219
2023-10-18,1153.4627685546875,1174.8048077319042,1151.9737890772074,1168.9729714451066,8918320,-0.013268170571580029,1160.6830078125
2023-10-19,1144.603271484375,1152.37085365543,1142.0472385636656,1147.5068298823098,12032556,-0.007680782866891889,1158.79697265625
2023-10-20,1141.104248046875,1148.846868358942,1139.7145096810816,1141.5508934053469,8913312,-0.003056974870395357,1157.1665405273438
2023-10-23,1123.2861328125,1144.6530132953733,1119.3403612940447,1136.5877075106362,7853962,-0.015614800545062035,1154.8896423339843
2023-10-25,1120.6802978515625,1132.219887961399,1113.2602415640138,1116.7593673158804,11620688,-0.0023198318619076508,1152.8422912597657
2023-10-26,1105.0709228515625,1120.7052071856403,1101.9937228681183,1117.2309217780673,15222534,-0.013928481681996563,1149.963604736328
2023-10-27,1124.5765380859375,1128.3982276638756,1109.761144511754,1111.7712909465938,11771084,0.017651007578809663,1147.405047607422
2023-10-30,1147.7548828125,1153.958963260135,1126.6361687340607,1128.6463150337838,16813304,0.020610731187770126,1146.8690124511718
2023-10-31,1135.5452880859375,1155.4480281047179,1133.0636557231696,1155.4480281047179,12808438,-0.010637806825655738,1145.4519958496094
2023-11-01,1140.2603759765625,1150.236586425296,1129.2419526519689,1136.1656826268284,10309190,0.0041522675846532575,1144.937060546875
2023-11-02,1151.57666015625,1153.6116471680004,1145.4966608528325,1148.4746196953226,10562104,0.009924298360359796,1145.0872009277343
2023-11-03,1151.3284912109375,1158.897469898072,1149.3680258840427,1155.0509397455937,8850156,-0.00021550362550659674,1145.226171875
2023-11-06,1160.9075927734375,1161.4039192346488,1154.256866662586,1157.5822297180116,10647304,0.00832004213882076,1145.747314453125
2023-11-07,1153.3634033203125,1160.9572220726066,1151.2540159543112,1158.4507493206686,6960204,-0.006498527100767593,1146.3813720703124
2023-11-08,1159.368896484375,1161.900209827792,1152.3459257444151,1157.4332718147846,7884494,0.005206939241156672,1147.063818359375
2023-11-09,1146.787109375,1159.3689122452765,1143.6353879313751,1159.344192861405,14513610,-0.010852272428152565,1146.2076538085937
2023-11-10,1148.946044921875,1149.6658152095554,1140.5830169850344,1144.3054653415224,7734954,0.0018825948855072383,1145.3514892578125
2023-11-13,1148.7972412109375,1153.7605056745233,1147.3578218124285,1152.9166537769547,3854810,-0.00012951322787979613,1144.4903564453125
2023-11-15,1169.5684814453125,1172.2982770196893,1154.9516911953863,1161.4039352802765,12220648,0.01808085838757778,1144.798077392578
2023-11-16,1171.6778564453125,1178.3534231349859,1164.8533675821152,1166.9131951067154,13134910,0.0018035497993185157,1144.9333251953126
2023-11-17,1169.121826171875,1177.9067803474445,1167.3846835483773,1167.8064883385834,7758634,-0.002181512827418408,1145.7162780761719
2023-11-20,1166.044677734375,1170.5363354915235,1159.617152805321,1165.647592311094,4490186,-0.0026320169281037753,1146.788348388672
2023-11-21,1180.7109375,1185.227556641674,1171.4296571663483,1174.3083747965666,8214450,0.012577785436250544,1148.7686828613282
2023-11-22,1185.326904296875,1188.4289448727575,1177.3856804226161,1178.7754188353035,8534814,0.003909480847741342,1151.8707214355468
2023-11-23,1188.9500732421875,1191.1835423841578,1185.3268657327444,1185.3268657327444,8531542,0.0030566832931728793,1155.2842102050781
2023-11-24,1188.1558837890625,1192.474021001291,1186.7414260587238,1187.0144298509326,6749486,-0.0006679754440481744,1159.438458251953
2023-11-28,1188.404052734375,1191.034607263244,1178.899449291774,1188.1558894990753,13792174,0.00020886901180094952,1162.629833984375
2023-11-29,1191.5308837890625,1197.1145563492605,1190.2156671664848,1195.1540911072586,12531306,0.0026311177982716316,1164.8186340332031
2023-11-30,1179.9913330078125,1191.530923348677,1176.2440439527552,1188.5529645510346,28439984,-0.00968464262088975,1167.0409362792968
2023-12-01,1188.3544921875,1189.3967050711567,1180.0658643673892,1180.2643464861462,14342842,0.007087475090490347,1169.4456420898437
2023-12-04,1201.209228515625,1215.9997806950958,1190.4886500919326,1215.9997806950958,15590990,0.010817257318952223,1171.9272705078124
2023-12-05,1209.9197998046875,1211.4584602643838,1201.9288955146308,1210.540207865299,12693624,0.007251502138246435,1174.8568359375
2023-12-06,1221.5091552734375,1227.3905513904704,1208.5549856031337,1214.560584514323,16422442,0.009578614607861358,1177.8869140625
2023-12-07,1219.4990234375,1221.4346482742724,1212.0292855470004,1220.9631623446442,8142096,-0.0016456134014709578,1181.1936950683594
2023-12-08,1218.853759765625,1229.251775342433,1213.5182500771466,1222.874052744466,10204894,-0.0005291219258676261,1184.1679382324219
2023-12-11,1220.6405029296875,1224.7351961410227,1217.1909371644088,1218.9777608532804,7066138,0.0014659208701182092,1187.8606079101562
2023-12-12,1203.1202392578125,1223.41994400905,1201.1844932637518,1220.9631521449135,9197124,-0.014353336326153543,1190.569317626953
2023-12-13,1208.03369140625,1210.2176004047437,1194.3103140708777,1202.102614795848,10031182,0.004083924439230335,1193.5311401367187
2023-12-14,1223.0228271484375,1228.3831772791464,1212.3518080035872,1217.9851619285064,16972354,0.012407878893459401,1196.203857421875
2023-12-15,1238.6324462890625,1240.8162343922088,1225.951280138882,1229.8970515295573,15932152,0.012763146193288888,1199.5515869140625
2023-12-18,1251.239013671875,1258.1379030406688,1236.3243792186838,1238.6323699765335,14165188,0.010177811360086553,1203.6574462890626
2023-12-19,1269.6527099609375,1277.4945707453207,1253.3234974409622,1268.1140495332209,16820604,0.01471637000434134,1208.8378479003907
2023-12-20,1254.2913818359375,1289.8780864366483,1250.7426960684581,1276.080186427869,17736722,-0.012098842466514048,1212.5168701171874
2023-12-21,1271.8614501953125,1277.2962009364337,1249.8741628164655,1254.2170195322976,13765454,0.014007963870131368,1216.8435974121094
2023-12-22,1273.1021728515625,1280.968874306117,1264.4660199985942,1270.3972179591544,16541784,0.0009755171493399661,1221.051202392578
2023-12-26,1279.554443359375,1286.453332624264,1271.935783794956,1274.5663382448713,7465664,0.005068148217326707,1225.6211303710938
2023-12-27,1283.922119140625,1290.3990823415181,1277.0976304877347,1281.514887400953,9204156,0.0034134348904943934,1230.3970336914062
2023-12-28,1293.203369140625,1296.4046504171113,1283.9220890250845,1285.3862277761266,12302636,0.007228826314022996,1235.4806579589845
2023-12-29,1282.9791259765625,1297.397434632089,1280.174929799553,1295.9581362918193,10864584,-0.007906137122776657,1240.6300476074218
